soi,requirement,frequency
framed,req_1,0.12244897959183673
framed,req_2,0.6326530612244898
framed,req_3,0.3673469387755102
framed,req_4,0.0
framed,req_5,0.22448979591836735
framed,req_6,0.0
framed,req_7,0.10204081632653061
framed,req_8,0.0
framed,req_9,0.0
framed,req_10,0.0
framed,req_11,0.0
framed,req_12,0.0
framed,req_13,0.3877551020408163
framed,req_14,0.10204081632653061
framed,req_15,0.40816326530612246
framed,req_16,0.8163265306122449
framed,req_17,0.5102040816326531
framed,req_18,0.8775510204081632
framed,req_19,1.0
framed,req_20,0.02040816326530612
framed,req_21,0.0
framed,req_22,0.0
framed,req_23,0.02040816326530612
framed,req_24,0.6326530612244898
framed,req_25,0.5714285714285714
framed,req_26,0.02040816326530612
framed,req_27,0.6122448979591837
framed,req_28,0.02040816326530612
framed,req_29,0.0
framed,req_30,0.0
framed,req_31,0.0
framed,req_32,0.0
framed,req_33,0.0
framed,req_34,0.0
framed,req_35,0.0
framed,req_36,0.0
framed,req_37,0.0
framed,req_38,0.3673469387755102
framed,req_39,0.24489795918367346
framed,req_40,0.0
framed,req_41,0.061224489795918366
framed,req_42,0.6122448979591837
domain,req_1,0.25
domain,req_2,0.6666666666666666
domain,req_3,0.5833333333333334
domain,req_4,0.0
domain,req_5,0.08333333333333333
domain,req_6,0.0
domain,req_7,0.16666666666666666
domain,req_8,0.0
domain,req_9,0.0
domain,req_10,0.0
domain,req_11,0.0
domain,req_12,0.0
domain,req_13,0.5833333333333334
domain,req_14,0.3333333333333333
domain,req_15,0.5833333333333334
domain,req_16,0.9166666666666666
domain,req_17,0.5833333333333334
domain,req_18,0.9166666666666666
domain,req_19,1.0
domain,req_20,0.08333333333333333
domain,req_21,0.0
domain,req_22,0.0
domain,req_23,0.08333333333333333
domain,req_24,0.6666666666666666
domain,req_25,0.5833333333333334
domain,req_26,0.08333333333333333
domain,req_27,0.6666666666666666
domain,req_28,0.08333333333333333
domain,req_29,0.0
domain,req_30,0.0
domain,req_31,0.0
domain,req_32,0.0
domain,req_33,0.0
domain,req_34,0.0
domain,req_35,0.0
domain,req_36,0.0
domain,req_37,0.0
domain,req_38,0.3333333333333333
domain,req_39,0.3333333333333333
domain,req_40,0.0
domain,req_41,0.08333333333333333
domain,req_42,0.6666666666666666
efficiency,req_1,0.1
efficiency,req_2,1.0
efficiency,req_3,0.8
efficiency,req_4,0.0
efficiency,req_5,0.3
efficiency,req_6,0.0
efficiency,req_7,0.3
efficiency,req_8,0.0
efficiency,req_9,0.0
efficiency,req_10,0.0
efficiency,req_11,0.0
efficiency,req_12,0.0
efficiency,req_13,0.4
efficiency,req_14,0.0
efficiency,req_15,0.4
efficiency,req_16,1.0
efficiency,req_17,0.7
efficiency,req_18,1.0
efficiency,req_19,1.0
efficiency,req_20,0.1
efficiency,req_21,0.0
efficiency,req_22,0.0
efficiency,req_23,0.1
efficiency,req_24,1.0
efficiency,req_25,0.9
efficiency,req_26,0.1
efficiency,req_27,1.0
efficiency,req_28,0.1
efficiency,req_29,0.0
efficiency,req_30,0.0
efficiency,req_31,0.0
efficiency,req_32,0.0
efficiency,req_33,0.0
efficiency,req_34,0.0
efficiency,req_35,0.0
efficiency,req_36,0.0
efficiency,req_37,0.0
efficiency,req_38,0.0
efficiency,req_39,0.4
efficiency,req_40,0.0
efficiency,req_41,0.0
efficiency,req_42,1.0
hdbscan,req_1,0.15
hdbscan,req_2,0.775
hdbscan,req_3,0.45
hdbscan,req_4,0.0
hdbscan,req_5,0.275
hdbscan,req_6,0.0
hdbscan,req_7,0.125
hdbscan,req_8,0.0
hdbscan,req_9,0.0
hdbscan,req_10,0.0
hdbscan,req_11,0.0
hdbscan,req_12,0.0
hdbscan,req_13,0.375
hdbscan,req_14,0.125
hdbscan,req_15,0.375
hdbscan,req_16,0.875
hdbscan,req_17,0.55
hdbscan,req_18,0.9
hdbscan,req_19,1.0
hdbscan,req_20,0.025
hdbscan,req_21,0.0
hdbscan,req_22,0.0
hdbscan,req_23,0.025
hdbscan,req_24,0.775
hdbscan,req_25,0.7
hdbscan,req_26,0.025
hdbscan,req_27,0.75
hdbscan,req_28,0.025
hdbscan,req_29,0.0
hdbscan,req_30,0.0
hdbscan,req_31,0.0
hdbscan,req_32,0.0
hdbscan,req_33,0.0
hdbscan,req_34,0.0
hdbscan,req_35,0.0
hdbscan,req_36,0.0
hdbscan,req_37,0.0
hdbscan,req_38,0.225
hdbscan,req_39,0.3
hdbscan,req_40,0.0
hdbscan,req_41,0.075
hdbscan,req_42,0.75
kmediods,req_1,0.15
kmediods,req_2,0.775
kmediods,req_3,0.45
kmediods,req_4,0.0
kmediods,req_5,0.275
kmediods,req_6,0.0
kmediods,req_7,0.125
kmediods,req_8,0.0
kmediods,req_9,0.0
kmediods,req_10,0.0
kmediods,req_11,0.0
kmediods,req_12,0.0
kmediods,req_13,0.375
kmediods,req_14,0.125
kmediods,req_15,0.375
kmediods,req_16,0.875
kmediods,req_17,0.55
kmediods,req_18,0.9
kmediods,req_19,1.0
kmediods,req_20,0.025
kmediods,req_21,0.0
kmediods,req_22,0.0
kmediods,req_23,0.025
kmediods,req_24,0.775
kmediods,req_25,0.7
kmediods,req_26,0.025
kmediods,req_27,0.75
kmediods,req_28,0.025
kmediods,req_29,0.0
kmediods,req_30,0.0
kmediods,req_31,0.0
kmediods,req_32,0.0
kmediods,req_33,0.0
kmediods,req_34,0.0
kmediods,req_35,0.0
kmediods,req_36,0.0
kmediods,req_37,0.0
kmediods,req_38,0.225
kmediods,req_39,0.3
kmediods,req_40,0.0
kmediods,req_41,0.075
kmediods,req_42,0.75
topsis,req_1,0.1
topsis,req_2,1.0
topsis,req_3,0.8
topsis,req_4,0.0
topsis,req_5,0.4
topsis,req_6,0.0
topsis,req_7,0.3
topsis,req_8,0.0
topsis,req_9,0.0
topsis,req_10,0.0
topsis,req_11,0.0
topsis,req_12,0.0
topsis,req_13,0.3
topsis,req_14,0.0
topsis,req_15,0.3
topsis,req_16,1.0
topsis,req_17,0.6
topsis,req_18,1.0
topsis,req_19,1.0
topsis,req_20,0.1
topsis,req_21,0.0
topsis,req_22,0.0
topsis,req_23,0.1
topsis,req_24,1.0
topsis,req_25,1.0
topsis,req_26,0.1
topsis,req_27,1.0
topsis,req_28,0.1
topsis,req_29,0.0
topsis,req_30,0.0
topsis,req_31,0.0
topsis,req_32,0.0
topsis,req_33,0.0
topsis,req_34,0.0
topsis,req_35,0.0
topsis,req_36,0.0
topsis,req_37,0.0
topsis,req_38,0.0
topsis,req_39,0.5
topsis,req_40,0.0
topsis,req_41,0.0
topsis,req_42,1.0
weight,req_1,0.2
weight,req_2,0.7
weight,req_3,0.5
weight,req_4,0.0
weight,req_5,0.3
weight,req_6,0.0
weight,req_7,0.2
weight,req_8,0.0
weight,req_9,0.0
weight,req_10,0.0
weight,req_11,0.0
weight,req_12,0.0
weight,req_13,0.4
weight,req_14,0.3
weight,req_15,0.4
weight,req_16,0.9
weight,req_17,0.6
weight,req_18,1.0
weight,req_19,1.0
weight,req_20,0.1
weight,req_21,0.0
weight,req_22,0.0
weight,req_23,0.1
weight,req_24,0.7
weight,req_25,0.7
weight,req_26,0.1
weight,req_27,0.7
weight,req_28,0.1
weight,req_29,0.0
weight,req_30,0.0
weight,req_31,0.0
weight,req_32,0.0
weight,req_33,0.0
weight,req_34,0.0
weight,req_35,0.0
weight,req_36,0.0
weight,req_37,0.0
weight,req_38,0.3
weight,req_39,0.6
weight,req_40,0.0
weight,req_41,0.1
weight,req_42,0.7
con50,req_1,0.17647058823529413
con50,req_2,0.7647058823529411
con50,req_3,0.5294117647058824
con50,req_4,0.0
con50,req_5,0.23529411764705882
con50,req_6,0.0
con50,req_7,0.17647058823529413
con50,req_8,0.0
con50,req_9,0.0
con50,req_10,0.0
con50,req_11,0.0
con50,req_12,0.0
con50,req_13,0.5294117647058824
con50,req_14,0.23529411764705882
con50,req_15,0.5294117647058824
con50,req_16,0.8823529411764706
con50,req_17,0.5882352941176471
con50,req_18,0.9411764705882353
con50,req_19,1.0
con50,req_20,0.058823529411764705
con50,req_21,0.0
con50,req_22,0.0
con50,req_23,0.058823529411764705
con50,req_24,0.7647058823529411
con50,req_25,0.7058823529411765
con50,req_26,0.058823529411764705
con50,req_27,0.7647058823529411
con50,req_28,0.058823529411764705
con50,req_29,0.0
con50,req_30,0.0
con50,req_31,0.0
con50,req_32,0.0
con50,req_33,0.0
con50,req_34,0.0
con50,req_35,0.0
con50,req_36,0.0
con50,req_37,0.0
con50,req_38,0.23529411764705882
con50,req_39,0.4117647058823529
con50,req_40,0.0
con50,req_41,0.058823529411764705
con50,req_42,0.7647058823529411
con75,req_1,0.14285714285714285
con75,req_2,1.0
con75,req_3,0.8571428571428571
con75,req_4,0.0
con75,req_5,0.2857142857142857
con75,req_6,0.0
con75,req_7,0.2857142857142857
con75,req_8,0.0
con75,req_9,0.0
con75,req_10,0.0
con75,req_11,0.0
con75,req_12,0.0
con75,req_13,0.2857142857142857
con75,req_14,0.0
con75,req_15,0.2857142857142857
con75,req_16,1.0
con75,req_17,0.5714285714285714
con75,req_18,1.0
con75,req_19,1.0
con75,req_20,0.14285714285714285
con75,req_21,0.0
con75,req_22,0.0
con75,req_23,0.14285714285714285
con75,req_24,1.0
con75,req_25,1.0
con75,req_26,0.14285714285714285
con75,req_27,1.0
con75,req_28,0.14285714285714285
con75,req_29,0.0
con75,req_30,0.0
con75,req_31,0.0
con75,req_32,0.0
con75,req_33,0.0
con75,req_34,0.0
con75,req_35,0.0
con75,req_36,0.0
con75,req_37,0.0
con75,req_38,0.0
con75,req_39,0.5714285714285714
con75,req_40,0.0
con75,req_41,0.0
con75,req_42,1.0
con90,req_1,0.25
con90,req_2,1.0
con90,req_3,1.0
con90,req_4,0.0
con90,req_5,0.25
con90,req_6,0.0
con90,req_7,0.5
con90,req_8,0.0
con90,req_9,0.0
con90,req_10,0.0
con90,req_11,0.0
con90,req_12,0.0
con90,req_13,0.0
con90,req_14,0.0
con90,req_15,0.0
con90,req_16,1.0
con90,req_17,0.5
con90,req_18,1.0
con90,req_19,1.0
con90,req_20,0.25
con90,req_21,0.0
con90,req_22,0.0
con90,req_23,0.25
con90,req_24,1.0
con90,req_25,1.0
con90,req_26,0.25
con90,req_27,1.0
con90,req_28,0.25
con90,req_29,0.0
con90,req_30,0.0
con90,req_31,0.0
con90,req_32,0.0
con90,req_33,0.0
con90,req_34,0.0
con90,req_35,0.0
con90,req_36,0.0
con90,req_37,0.0
con90,req_38,0.0
con90,req_39,0.75
con90,req_40,0.0
con90,req_41,0.0
con90,req_42,1.0
