satisfaction,effort,time,req_1,req_2,req_3,req_4,req_5,req_6,req_7,req_8,req_9,req_10,req_11,req_12,req_13,req_14,req_15,req_16,req_17,req_18,req_19,req_20,req_21,req_22,req_23,req_24,req_25,req_26,req_27,req_28,req_29,req_30,req_31,req_32,req_33,req_34,req_35,req_36,req_37,req_38,req_39,req_40,req_41,req_42,id,scope,productivity,squandering,stcov_cv1,stcov_cv2,stcov_cv3,stcov_cv4
309.0,25,273.0,0,0,0,0,0,0,0,0,0,0,0,0,0,0,0,0,0,0,1,0,0,0,0,0,0,0,0,0,0,0,0,0,0,0,0,0,0,1,0,0,0,0,1,0.047619047619047616,12.36,0.9823570924488356,0.03361344537813557,0.07630522088343199,0.06666666666662627,0.03610108303247236
467.0,41,422.0,0,0,0,0,0,0,0,0,0,0,0,0,0,0,0,0,0,1,1,0,0,0,0,0,0,0,0,0,0,0,0,0,0,0,0,0,0,1,0,0,0,0,2,0.07142857142857142,11.390243902439025,0.9710656316160904,0.05882352941173724,0.08032128514045472,0.09393939393933701,0.06498194945845025
623.0,60,569.0,0,0,0,0,0,0,0,0,0,0,0,0,0,0,0,1,0,1,1,0,0,0,0,0,0,0,0,0,0,0,0,0,0,0,0,0,0,1,0,0,0,0,3,0.09523809523809523,10.383333333333333,0.9576570218772054,0.08403361344533893,0.1004016064255684,0.12121212121204775,0.08664259927793365
779.0,76,716.0,0,0,0,0,0,0,0,0,0,0,0,0,0,0,0,1,1,1,1,0,0,0,0,0,0,0,0,0,0,0,0,0,0,0,0,0,0,1,0,0,0,0,4,0.11904761904761904,10.25,0.9463655610444601,0.1092436974789406,0.12048192771068209,0.14848484848475849,0.10830324909741706
845.0,99,776.0,0,0,0,0,0,0,0,0,0,0,0,0,0,0,1,1,1,1,1,0,0,0,0,0,0,0,0,0,0,0,0,0,0,0,0,0,0,1,0,0,0,0,5,0.14285714285714285,8.535353535353535,0.9301340860973889,0.12184873949574143,0.12851405622472756,0.15151515151505968,0.12274368231040601
867.0,111,816.0,0,0,0,0,0,0,0,0,0,0,0,0,1,0,1,0,0,0,1,0,0,0,0,0,0,0,0,0,0,0,0,0,0,0,0,0,0,1,0,0,0,0,6,0.09523809523809523,7.8108108108108105,0.92166549047283,0.1092436974789406,0.15662650602388672,0.15151515151505968,0.13718411552339496
1025.0,127,965.0,0,0,0,0,0,0,0,0,0,0,0,0,1,0,1,0,0,1,1,0,0,0,0,0,0,0,0,0,0,0,0,0,0,0,0,0,0,1,0,0,0,0,7,0.11904761904761904,8.070866141732283,0.9103740296400847,0.13445378151254228,0.16064257028090945,0.17878787878777044,0.16606498194937283
1181.0,146,1112.0,0,0,0,0,0,0,0,0,0,0,0,0,1,0,1,1,0,1,1,0,0,0,0,0,0,0,0,0,0,0,0,0,0,0,0,0,0,1,0,0,0,0,8,0.14285714285714285,8.08904109589041,0.8969654199011997,0.15966386554614395,0.18072289156602314,0.20606060606048118,0.18772563176885626
1337.0,162,1259.0,0,0,0,0,0,0,0,0,0,0,0,0,1,0,1,1,1,1,1,0,0,0,0,0,0,0,0,0,0,0,0,0,0,0,0,0,0,1,0,0,0,0,9,0.16666666666666666,8.253086419753087,0.8856739590684545,0.18487394957974562,0.2008032128511368,0.23333333333319192,0.20938628158833966
1480.4,209,1189.0,0,0,0,0,0,0,0,0,0,0,0,0,1,1,1,1,0,1,1,0,0,0,0,0,0,0,0,0,0,0,0,0,0,0,0,0,0,1,0,0,0,0,10,0.16666666666666666,7.0832535885167465,0.8525052928722654,0.17226890756294477,0.18875502008006861,0.21818181818168594,0.2021660649818452
1388.0,212,1328.0,1,0,0,0,0,0,0,0,0,0,0,0,1,0,1,1,0,1,1,0,0,0,0,0,0,0,0,0,0,0,0,0,0,0,0,0,0,1,0,0,0,0,11,0.16666666666666666,6.547169811320755,0.8503881439661256,0.19327731092427952,0.21686746987922775,0.23333333333319192,0.22021660649808136
1441.0,215,1368.0,0,0,0,0,0,0,0,0,0,0,0,0,1,0,1,1,1,1,1,0,0,0,0,0,0,0,0,0,0,0,0,0,0,0,0,0,0,1,0,0,1,0,12,0.19047619047619047,6.702325581395349,0.8482709950599859,0.19747899159654647,0.2208835341362505,0.24545454545439668,0.2310469314078231
1636.4,225,1336.0,0,0,0,0,0,0,0,0,0,0,0,0,1,1,1,1,1,1,1,0,0,0,0,0,0,0,0,0,0,0,0,0,0,0,0,0,0,1,0,0,0,0,13,0.19047619047619047,7.27288888888889,0.8412138320395202,0.19747899159654647,0.20883534136518228,0.24545454545439668,0.2238267148013286
1544.0,228,1475.0,1,0,0,0,0,0,0,0,0,0,0,0,1,0,1,1,1,1,1,0,0,0,0,0,0,0,0,0,0,0,0,0,0,0,0,0,0,1,0,0,0,0,14,0.19047619047619047,6.771929824561403,0.8390966831333804,0.2184873949578812,0.23694779116434145,0.2606060606059027,0.2418772563175648
1572.0,273,1433.0,0,1,0,0,0,0,0,0,0,0,0,0,0,0,0,0,0,1,1,0,0,0,0,1,1,0,1,0,0,0,0,0,0,0,0,0,0,0,0,0,0,1,15,0.16666666666666666,5.758241758241758,0.8073394495412844,0.2184873949578812,0.3012048192767052,0.26969696969680623,0.2238267148013286
1687.4,275,1405.0,1,0,0,0,0,0,0,0,0,0,0,0,1,1,1,1,0,1,1,0,0,0,0,0,0,0,0,0,0,0,0,0,0,0,0,0,0,1,0,0,0,0,16,0.19047619047619047,6.136,0.8059280169371913,0.20588235294108034,0.22489959839327323,0.24545454545439668,0.23465703971107033
1740.4,278,1445.0,0,0,0,0,0,0,0,0,0,0,0,0,1,1,1,1,1,1,1,0,0,0,0,0,0,0,0,0,0,0,0,0,0,0,0,0,0,1,0,0,1,0,17,0.21428571428571427,6.2604316546762595,0.8038108680310515,0.2100840336133473,0.22891566265029598,0.25757575757560147,0.24548736462081203
1648.0,281,1584.0,1,0,0,0,0,0,0,0,0,0,0,0,1,0,1,1,1,1,1,0,0,0,0,0,0,0,0,0,0,0,0,0,0,0,0,0,0,1,0,0,1,0,18,0.21428571428571427,5.864768683274021,0.8016937191249118,0.23109243697468204,0.2570281124494551,0.27272727272710745,0.2635379061370482
1843.4,291,1552.0,1,0,0,0,0,0,0,0,0,0,0,0,1,1,1,1,1,1,1,0,0,0,0,0,0,0,0,0,0,0,0,0,0,0,0,0,0,1,0,0,0,0,19,0.21428571428571427,6.334707903780069,0.7946365561044461,0.23109243697468204,0.24497991967838692,0.27272727272710745,0.2563176895305537
1728.0,292,1580.0,0,1,0,0,0,0,0,0,0,0,0,0,0,0,0,1,0,1,1,0,0,0,0,1,1,0,1,0,0,0,0,0,0,0,0,0,0,0,0,0,0,1,20,0.19047619047619047,5.917808219178082,0.7939308398023994,0.24369747899148286,0.3212851405618189,0.29696969696951697,0.24548736462081203
1740.0,299,1611.0,0,1,0,0,0,0,0,0,0,0,0,0,0,0,0,1,1,1,1,0,0,0,0,1,0,0,1,0,0,0,0,0,0,0,0,0,0,0,0,0,0,1,21,0.19047619047619047,5.8193979933110365,0.7889908256880734,0.25210084033601676,0.31325301204777345,0.29696969696951697,0.24548736462081203
1765.0,303,1624.0,0,1,0,0,0,0,0,0,0,0,0,0,0,0,0,1,1,1,1,0,0,0,0,1,1,0,0,0,0,0,0,0,0,0,0,0,0,0,0,0,0,1,22,0.19047619047619047,5.8250825082508255,0.7861679604798871,0.2478991596637498,0.3212851405618189,0.29696969696951697,0.259927797833801
1797.0,306,1658.0,0,1,1,0,1,0,0,0,0,0,0,0,0,0,0,1,0,0,1,0,0,0,0,1,1,0,1,0,0,0,0,0,0,0,0,0,0,0,0,0,0,1,23,0.21428571428571427,5.872549019607843,0.7840508115737473,0.2647058823528176,0.365461847389069,0.2999999999998182,0.23826714801431756
1884.0,308,1727.0,0,1,0,0,0,0,0,0,0,0,0,0,0,0,0,1,1,1,1,0,0,0,0,1,1,0,1,0,0,0,0,0,0,0,0,0,0,0,0,0,0,1,24,0.21428571428571427,6.116883116883117,0.7826393789696542,0.26890756302508456,0.34136546184693256,0.3242424242422277,0.26714801444029546
1986.0,316,1724.0,0,1,0,0,0,0,0,0,0,0,0,0,0,0,0,0,0,0,1,0,0,0,0,1,1,0,1,0,0,0,0,0,0,0,0,0,0,0,1,0,0,1,25,0.16666666666666666,6.284810126582278,0.7769936485532816,0.26890756302508456,0.3574297188750235,0.3242424242422277,0.24548736462081203
1868.0,320,1743.0,0,1,1,0,1,0,0,0,0,0,0,0,0,0,0,1,1,1,1,0,0,0,0,1,1,0,1,0,0,0,0,0,0,0,0,0,0,0,0,0,0,0,26,0.23809523809523808,5.8375,0.7741707833450953,0.3025210084032201,0.3333333333328871,0.2999999999998182,0.24548736462081203
1955.0,322,1807.0,0,1,1,0,1,0,0,0,0,0,0,0,0,0,0,1,0,1,1,0,0,0,0,1,1,0,1,0,0,0,0,0,0,0,0,0,0,0,0,0,0,1,27,0.23809523809523808,6.071428571428571,0.7727593507410021,0.28991596638641925,0.36947791164609173,0.32727272727252893,0.26714801444029546
1960.0,327,1794.0,0,1,0,0,1,0,0,0,0,0,0,0,0,0,0,1,1,1,1,0,0,0,0,1,1,0,1,0,0,0,0,0,0,0,0,0,0,0,0,0,0,1,28,0.23809523809523808,5.99388379204893,0.7692307692307693,0.28151260504188536,0.3534136546180008,0.32727272727252893,0.2851985559565316
1967.0,329,1838.0,0,1,1,0,1,0,0,0,0,0,0,0,0,0,0,1,1,1,1,0,0,0,0,1,0,0,1,0,0,0,0,0,0,0,0,0,0,0,0,0,0,1,29,0.23809523809523808,5.9787234042553195,0.7678193366266761,0.29831932773095315,0.3614457831320463,0.32727272727252893,0.26714801444029546
2144.0,332,1873.0,0,1,0,0,0,0,0,0,0,0,0,0,0,0,0,0,0,1,1,0,0,0,0,1,1,0,1,0,0,0,0,0,0,0,0,0,0,0,1,0,0,1,30,0.19047619047619047,6.457831325301205,0.7657021877205363,0.2941176470586862,0.3614457831320463,0.35151515151493845,0.2743682310467899
2111.0,338,1954.0,0,1,1,0,1,0,0,0,0,0,0,0,0,0,0,1,1,1,1,0,0,0,0,1,1,0,1,0,0,0,0,0,0,0,0,0,0,0,0,0,0,1,31,0.2619047619047619,6.245562130177515,0.7614678899082569,0.31512605042002095,0.3895582329312054,0.35454545454523967,0.28880866425977886
2086.0,345,1956.0,0,1,1,0,0,0,1,0,0,0,0,0,0,0,0,1,0,1,1,0,0,0,0,1,1,0,1,0,0,0,0,0,0,0,0,0,0,0,0,0,0,1,32,0.23809523809523808,6.046376811594203,0.7565278757939309,0.310924369747754,0.3935742971882282,0.35151515151493845,0.2815884476532844
2300.0,351,2020.0,0,1,0,0,0,0,0,0,0,0,0,0,0,0,0,1,0,1,1,0,0,0,0,1,1,0,1,0,0,0,0,0,0,0,0,0,0,0,1,0,0,1,33,0.21428571428571427,6.552706552706553,0.7522935779816514,0.3193277310922879,0.38152610441715995,0.37878787878764925,0.2960288808662733
2242.0,361,2103.0,0,1,1,0,0,0,1,0,0,0,0,0,0,0,0,1,1,1,1,0,0,0,0,1,1,0,1,0,0,0,0,0,0,0,0,0,0,0,0,0,0,1,34,0.2619047619047619,6.2105263157894735,0.7452364149611856,0.3361344537813557,0.41365461847334184,0.37878787878764925,0.3032490974727678
2369.0,365,2098.0,0,1,1,0,1,0,0,0,0,0,0,0,0,0,0,1,0,0,1,0,0,0,0,1,1,0,1,0,0,0,0,0,0,0,0,0,0,0,1,0,0,1,35,0.23809523809523808,6.49041095890411,0.7424135497529993,0.34033613445362265,0.42570281124441006,0.3818181818179504,0.28880866425977886
2456.0,367,2167.0,0,1,0,0,0,0,0,0,0,0,0,0,0,0,0,1,1,1,1,0,0,0,0,1,1,0,1,0,0,0,0,0,0,0,0,0,0,0,1,0,0,1,36,0.23809523809523808,6.692098092643052,0.7410021171489062,0.34453781512588955,0.4016064257022736,0.40606060606036,0.3176895306857567
2318.0,380,2170.0,0,1,1,0,1,0,1,0,0,0,0,0,0,0,0,1,1,1,1,0,0,0,0,1,1,0,1,0,0,0,0,0,0,0,0,0,0,0,0,0,0,1,37,0.2857142857142857,6.1,0.7318278052223006,0.3487394957981565,0.42570281124441006,0.3818181818179504,0.321299638989004
2527.0,381,2247.0,0,1,1,0,1,0,0,0,0,0,0,0,0,0,0,1,0,1,1,0,0,0,0,1,1,0,1,0,0,0,0,0,0,0,0,0,0,0,1,0,0,1,38,0.2619047619047619,6.63254593175853,0.7311220889202541,0.3655462184872243,0.4297188755014328,0.40909090909066115,0.3176895306857567
2532.0,386,2234.0,0,1,0,0,1,0,0,0,0,0,0,0,0,0,0,1,1,1,1,0,0,0,0,1,1,0,1,0,0,0,0,0,0,0,0,0,0,0,1,0,0,1,39,0.2619047619047619,6.5595854922279795,0.7275935074100212,0.3571428571426904,0.41365461847334184,0.40909090909066115,0.3357400722019929
2437.0,389,2283.0,0,1,1,0,0,0,0,0,0,0,0,0,1,0,1,1,0,1,1,0,0,0,0,1,1,0,1,0,0,0,0,0,0,0,0,0,0,0,0,0,0,1,40,0.2619047619047619,6.26478149100257,0.7254763585038815,0.35294117647042345,0.43775100401547823,0.40909090909066115,0.35018050541498186
2442.0,394,2270.0,0,1,0,0,0,0,0,0,0,0,0,0,1,0,1,1,1,1,1,0,0,0,0,1,1,0,1,0,0,0,0,0,0,0,0,0,0,0,0,0,0,1,41,0.2619047619047619,6.197969543147208,0.7219477769936485,0.34453781512588955,0.4216867469873873,0.40909090909066115,0.36823104693121805
2449.0,396,2314.0,0,1,1,0,0,0,0,0,0,0,0,0,1,0,1,1,1,1,1,0,0,0,0,1,0,0,1,0,0,0,0,0,0,0,0,0,0,0,0,0,0,1,42,0.2619047619047619,6.184343434343434,0.7205363443895554,0.36134453781495735,0.4297188755014328,0.40909090909066115,0.35018050541498186
2683.0,397,2394.0,0,1,1,0,1,0,0,0,0,0,0,0,0,0,0,1,1,1,1,0,0,0,0,1,1,0,1,0,0,0,0,0,0,0,0,0,0,0,1,0,0,1,43,0.2857142857142857,6.758186397984887,0.7198306280875089,0.390756302520826,0.44979919678654645,0.4363636363633719,0.33935018050524013
2658.0,404,2396.0,0,1,1,0,0,0,1,0,0,0,0,0,0,0,0,1,0,1,1,0,0,0,0,1,1,0,1,0,0,0,0,0,0,0,0,0,0,0,1,0,0,1,44,0.2619047619047619,6.579207920792079,0.7148906139731828,0.38655462184855904,0.4538152610435692,0.4333333333330707,0.33212996389874566
2593.0,405,2430.0,0,1,1,0,0,0,0,0,0,0,0,0,1,0,1,1,1,1,1,0,0,0,0,1,1,0,1,0,0,0,0,0,0,0,0,0,0,0,0,0,0,1,45,0.2857142857142857,6.402469135802469,0.7141848976711362,0.37815126050402514,0.45783132530059195,0.4363636363633719,0.37184115523446526
2695.0,413,2427.0,0,1,1,0,0,0,0,0,0,0,0,0,1,0,1,0,0,0,1,0,0,0,0,1,1,0,1,0,0,0,0,0,0,0,0,0,0,0,1,0,0,1,46,0.23809523809523808,6.52542372881356,0.7085391672547636,0.37815126050402514,0.4738955823286829,0.4363636363633719,0.35018050541498186
2702.0,418,2416.0,0,1,0,0,0,0,0,0,0,0,0,0,1,0,1,0,0,1,1,0,0,0,0,1,1,0,1,0,0,0,0,0,0,0,0,0,0,0,1,0,0,1,47,0.23809523809523808,6.464114832535885,0.7050105857445307,0.36974789915949124,0.441767068272501,0.4363636363633719,0.3754512635377125
2656.9,419,2457.0,1,1,1,0,0,0,0,0,0,0,0,0,0,0,0,1,0,1,1,1,0,0,1,1,1,1,1,1,0,0,0,0,0,0,0,0,0,0,0,0,0,1,48,0.3333333333333333,6.341050119331743,0.7043048694424842,0.36974789915949124,0.48594377509975106,0.4363636363633719,0.382671480144207
2814.0,420,2543.0,0,1,1,0,0,0,1,0,0,0,0,0,0,0,0,1,1,1,1,0,0,0,0,1,1,0,1,0,0,0,0,0,0,0,0,0,0,0,1,0,0,1,49,0.2857142857142857,6.7,0.7035991531404375,0.4117647058821607,0.4738955823286829,0.46060606060578146,0.3537906137182291
